month_start,brand,channel,spend_platform,revenue_platform,revenue_shopify,roas_platform,roas_shopify,revenue_delta,roas_delta,status
2025-12,saras,google,408498.63,1148756.9500000002,1241285.08,2.8121439477043046,3.0386517575346583,-92528.12999999987,-0.2265078098303536,ok
2025-12,saras,meta,1409651.57,5137099.71,294362.01,3.6442336669053614,0.2088189849637808,4842737.7,3.4354146819415807,ok
2026-01,saras,google,236296.86,839583.53,802433.23,3.553087967398297,3.395869204525189,37150.30000000005,0.1572187628731081,ok
2026-01,saras,meta,775995.8400000001,4119368.8,195834.63,5.308493406356405,0.2523655668051003,3923534.17,5.056127839551305,ok
2026-02,saras,google,355429.41,787081.33,754449.99,2.214451893556023,2.1226436776855357,32631.339999999967,0.0918082158704876,ok
2026-02,saras,meta,779293.5700000001,3475003.11,235316.17,4.459170771805546,0.3019608772083157,3239686.94,4.15720989459723,ok
